<?xml version="1.0" encoding="utf-8"?>
<extension type="plugin" group="djclassifiedspayment"  method="upgrade">
	<name>DJ Classifieds sn Payment</name>
	<author>SN</author>
	<creationDate>2017</creationDate>
    <authorEmail></authorEmail>
	<authorUrl>http://sn</authorUrl>
	<version>1.0</version>
	<description>DJ Classifieds sn payment</description>
	<files>
		<filename plugin="djcfsn">djcfsn.php</filename>
		<folder>djcfsn</folder>
	</files>
	<config>
		<fields name="params">
			<fieldset name="basic">
				<field name="api" type="text" size="50" default="" label="sn API" description="" />
			</fieldset>
		</fields>
	</config>
</extension>